{
    "site.sql": {
        "dbtype": "mysqli",
        "dbtech": "mysql",
        "dbname": "windstri_buissantio",
        "sqlfile": "site.sql",
        "marker": "\n\/**ABDB**\/",
        "dbhost": "localhost",
        "dbuser": "windstri",
        "dbpass": "o20Oh58Tdu",
        "prefix": "buis_",
        "parts": 13,
        "tables": [
            "#__action_log_config",
            "#__action_logs",
            "#__action_logs_extensions",
            "#__action_logs_users",
            "#__ak_profiles",
            "#__ak_stats",
            "#__ak_storage",
            "#__akeeba_common",
            "#__assets",
            "#__associations",
            "#__banner_clients",
            "#__banner_tracks",
            "#__banners",
            "#__categories",
            "#__contact_details",
            "#__content",
            "#__content_frontpage",
            "#__content_rating",
            "#__content_types",
            "#__contentitem_tag_map",
            "#__core_log_searches",
            "#__extensions",
            "#__fields",
            "#__fields_categories",
            "#__fields_groups",
            "#__fields_values",
            "#__finder_filters",
            "#__finder_links",
            "#__finder_links_terms0",
            "#__finder_links_terms1",
            "#__finder_links_terms2",
            "#__finder_links_terms3",
            "#__finder_links_terms4",
            "#__finder_links_terms5",
            "#__finder_links_terms6",
            "#__finder_links_terms7",
            "#__finder_links_terms8",
            "#__finder_links_terms9",
            "#__finder_links_termsa",
            "#__finder_links_termsb",
            "#__finder_links_termsc",
            "#__finder_links_termsd",
            "#__finder_links_termse",
            "#__finder_links_termsf",
            "#__finder_taxonomy",
            "#__finder_taxonomy_map",
            "#__finder_terms",
            "#__finder_terms_common",
            "#__finder_tokens",
            "#__finder_tokens_aggregate",
            "#__finder_types",
            "#__j2store_addresses",
            "#__j2store_cartitems",
            "#__j2store_carts",
            "#__j2store_configurations",
            "#__j2store_countries",
            "#__j2store_coupons",
            "#__j2store_currencies",
            "#__j2store_customfields",
            "#__j2store_emailtemplates",
            "#__j2store_filtergroups",
            "#__j2store_filters",
            "#__j2store_geozonerules",
            "#__j2store_geozones",
            "#__j2store_invoicetemplates",
            "#__j2store_lengths",
            "#__j2store_manufacturers",
            "#__j2store_metafields",
            "#__j2store_options",
            "#__j2store_optionvalues",
            "#__j2store_orderdiscounts",
            "#__j2store_orderdownloads",
            "#__j2store_orderfees",
            "#__j2store_orderhistories",
            "#__j2store_orderinfos",
            "#__j2store_orderitemattributes",
            "#__j2store_orderitems",
            "#__j2store_orders",
            "#__j2store_ordershippings",
            "#__j2store_orderstatuses",
            "#__j2store_ordertaxes",
            "#__j2store_product_filters",
            "#__j2store_product_options",
            "#__j2store_product_optionvalues",
            "#__j2store_product_prices",
            "#__j2store_product_variant_optionvalues",
            "#__j2store_productfiles",
            "#__j2store_productimages",
            "#__j2store_productprice_index",
            "#__j2store_productquantities",
            "#__j2store_products",
            "#__j2store_queues",
            "#__j2store_shippingmethods",
            "#__j2store_shippingrates",
            "#__j2store_taxprofiles",
            "#__j2store_taxrates",
            "#__j2store_taxrules",
            "#__j2store_uploads",
            "#__j2store_variants",
            "#__j2store_vendors",
            "#__j2store_vouchers",
            "#__j2store_weights",
            "#__j2store_zones",
            "#__languages",
            "#__menu",
            "#__menu_types",
            "#__messages",
            "#__messages_cfg",
            "#__modules",
            "#__modules_menu",
            "#__newsfeeds",
            "#__overrider",
            "#__postinstall_messages",
            "#__privacy_consents",
            "#__privacy_requests",
            "#__redirect_links",
            "#__schemas",
            "#__session",
            "#__spmedia",
            "#__sppagebuilder",
            "#__sppagebuilder_addons",
            "#__sppagebuilder_integrations",
            "#__sppagebuilder_languages",
            "#__sppagebuilder_sections",
            "#__spsimpleportfolio_items",
            "#__spsimpleportfolio_tags",
            "#__tags",
            "#__template_styles",
            "#__ucm_base",
            "#__ucm_content",
            "#__ucm_history",
            "#__update_sites",
            "#__update_sites_extensions",
            "#__updates",
            "#__user_keys",
            "#__user_notes",
            "#__user_profiles",
            "#__user_usergroup_map",
            "#__usergroups",
            "#__users",
            "#__utf8_conversion",
            "#__viewlevels"
        ]
    }
}